title,video_id,baseline_stayed_to_watch,seo_subject,working_note
"Bible says women...","",58.6,"Bible; women; Christianity","Preserve the strong open loop; description should name the exact passage/topic."
"When you asked, did God show up?","",48.6,"God; prayer; unanswered prayer","Keep title voice; description should explicitly mention prayer and Christian faith."
"What if God loves you?","pqrVh3f3krc",45.8,"God's love; Christianity; grace; Jesus","Keep title. Add a natural description around God's love, grace, Christianity, and Jesus."
"Jesus was only amazed twice.","",44.5,"Jesus; faith; unbelief; Luke 7:9; Mark 6:6","Already strong for search and feed. Use scripture references in description."
"Why Is Faith Required for Salvation?","",44.4,"faith; salvation; Christianity; Jesus","Already highly searchable. Description should explain the question without answering everything."
"You are not alone.","",36.1,"Christian encouragement; God; loneliness","Title is broad. Description needs the concrete Christian topic."
"The Original “Follow Me”","",33.8,"Jesus; follow me; discipleship; John 8:12","Title is opaque for search. Consider a later title test that includes Jesus."
"Forsaken.","",31.4,"Jesus; cross; Psalm 22; Matthew 27:46; Mark 15:34","Title is opaque for search. Description should explicitly identify Jesus' cry from the cross."
"Does God love you?","",29.5,"God's love; Christianity; grace","Searchable but generic; preserve as baseline and test only if the content warrants it."
